{
  "project_info": {
    "project_number": "985413801317",
    "project_id": "flexxbet",
    "storage_bucket": "flexxbet.appspot.com"
  },
  "client": [
    {
      "client_info": {
        "mobilesdk_app_id": "1:985413801317:android:0b0b1942470bfd9a1c3d8c",
        "android_client_info": {
          "package_name": "com.flexxbet.app"
        }
      },
      "oauth_client": [
        {
          "client_id": "985413801317-9d47ljng1a8es6fpb20jmcqah1nr2tpf.apps.googleusercontent.com",
          "client_type": 3
        }
      ],
      "api_key": [
        {
          "current_key": "AIzaSyA9F1-aaaufqQEeg2LQXjwEk0kSPRk_s_E"
        }
      ],
      "services": {
        "appinvite_service": {
          "other_platform_oauth_client": [
            {
              "client_id": "985413801317-9d47ljng1a8es6fpb20jmcqah1nr2tpf.apps.googleusercontent.com",
              "client_type": 3
            },
            {
              "client_id": "985413801317-19ed831jq3nh2kcad77lrkd9ajai38s2.apps.googleusercontent.com",
              "client_type": 2,
              "ios_info": {
                "bundle_id": "com.example.flexxBet"
              }
            }
          ]
        }
      }
    }
  ],
  "configuration_version": "1"
}