{
  "project_info": {
    "project_number": "919308162087",
    "project_id": "church-6caf9",
    "storage_bucket": "church-6caf9.appspot.com"
  },
  "client": [
    {
      "client_info": {
        "mobilesdk_app_id": "1:919308162087:android:ad102189f3a2be6588aa02",
        "android_client_info": {
          "package_name": "chuch.com"
        }
      },
      "oauth_client": [
        {
          "client_id": "919308162087-n9gl6n33h8o7i85i5mb4eht7ppn0219m.apps.googleusercontent.com",
          "client_type": 1,
          "android_info": {
            "package_name": "chuch.com",
            "certificate_hash": "b6285de191c79d5e3a28e89b804ed8c258e57ac3"
          }
        },
        {
          "client_id": "919308162087-94qaq5kiuva8cr30de4f38i0um4kifib.apps.googleusercontent.com",
          "client_type": 3
        }
      ],
      "api_key": [
        {
          "current_key": "AIzaSyDqRE0tJ8ahFgz9JQS_2nL2hnR73uYL9rw"
        }
      ],
      "services": {
        "appinvite_service": {
          "other_platform_oauth_client": [
            {
              "client_id": "919308162087-94qaq5kiuva8cr30de4f38i0um4kifib.apps.googleusercontent.com",
              "client_type": 3
            }
          ]
        }
      }
    }
  ],
  "configuration_version": "1"
}