{
    "cancel_reason": [{
        "label": "Unable to Contact Driver",
        "value": 0
    }, {
        "label": "Vehicle is not moving in my direction",
        "value": 1
    }, {
        "label": "My reason is not listed",
        "value": 2
    }, {
        "label": "Driver denied duty",
        "value": 3
    }, {
        "label": "Driver is taking long time",
        "value": 4
    }],
    "promos": {
        "promo1": {
            "max_promo_discount_value": 10,
            "min_order": 10,
            "promo_description": "$10 for Testing",
            "promo_discount_type": "flat",
            "promo_discount_value": 10,
            "promo_name": "Test Promo",
            "promo_usage_limit": 100,
            "promo_validity": 1767162600000,
            "user_avail": 0
        }
    },
    "cartypes": {
        "type1": {
            "base_fare": 10,
            "cancelSlab" : [
                {
                    "amount" : 10,
                    "minsDelayed" : 2
                },
                {
                    "amount" : 15,
                    "minsDelayed" : 4
                }
                ],
            "convenience_fee_type": "percentage",
            "convenience_fees": 15,
            "extra_info": "Capacity: 3, Type: Taxi",
            "image": "https://cdn.pixabay.com/photo/2015/01/17/11/37/taxi-icon-602136__340.png",
            "min_fare": 10,
            "name": "Economy",
            "rate_per_hour": 5,
            "rate_per_unit_distance": 5
        },
        "type2": {
            "base_fare": 12,
            "cancelSlab" : [
                {
                    "amount" : 15,
                    "minsDelayed" : 2
                },
                {
                    "amount" : 20,
                    "minsDelayed" : 4
                }
                ],
            "convenience_fee_type": "percentage",
            "convenience_fees": 15,
            "extra_info": "Capacity: 4, Type: HatchBack",
            "image": "https://cdn.pixabay.com/photo/2018/05/22/01/37/icon-3420270__340.png",
            "min_fare": 20,
            "name": "Comfort",
            "rate_per_hour": 6,
            "rate_per_unit_distance": 8
        },
        "type3": {
            "base_fare": 15,
            "cancelSlab" : [
                {
                    "amount" : 20,
                    "minsDelayed" : 2
                },
                {
                    "amount" : 25,
                    "minsDelayed" : 4
                }
                ],
            "convenience_fee_type": "percentage",
            "convenience_fees": 15,
            "extra_info": "Capacity: 4, Type: Sedan",
            "image": "https://cdn.pixabay.com/photo/2016/04/01/09/11/car-1299198__340.png",
            "min_fare": 30,
            "name": "Exclusive",
            "rate_per_hour": 8,
            "rate_per_unit_distance": 10
        }
    },
    "settings": {
        "appName": "Exicube",
        "code": "USD",
        "symbol": "$",
        "decimal": 2,
        "driver_approval": false,
        "otp_secure": false,
        "realtime_drivers": false,
        "bonus": 10,
        "panic":991,
        "convert_to_mile":false,
        "CarHornRepeat": true,
        "CompanyName": "Exicube App Solutions",
        "CompanyWebsite": "https://exicube.com",
        "CompanyTerms": "https://exicubetaxi.web.app/privacy-policy",
        "TwitterHandle": "https://twitter.com/exicube",
        "FacebookHandle": "https://facebook.com/exicube",
        "InstagramHandle": "",
        "AppleStoreLink": "https://apps.apple.com/app/id1501332146#?platform=iphone",
        "PlayStoreLink": "https://play.google.com/store/apps/details?id=com.exicube.taxi",
        "bank_fields": false,
        "contact_email": "",
        "AllowCriticalEditsAdmin": true,
        "AllowCountrySelection":true,
        "FacebookLoginEnabled":true,
        "AppleLoginEnabled":true,
        "autoDispatch":true,
        "driverRadius": 10,
        "country": "India",
        "RiderWithDraw": false,
        "swipe_symbol": false,
        "restrictCountry" : "",
        "negativeBalance": false,
        "horizontal_view": false,
        "showLiveRoute": true,
        "prepaid": false,
        "mapLanguage": "en",
        "CompanyAddress": "Kolkata, India",
        "CompanyPhone":  "+919998887777",
        "useDistanceMatrix" : false,
        "imageIdApproval": false,
        "carType_required": true,
        "term_required": true,
        "license_image_required": true,
        "CompanyTermCondition": "https://exicube-test-delivery.web.app/term-condition"
    },
    "languages":{
        "lang1":{
            "langName": "English",
            "langLocale": "en",
            "default":true,
            "dateLocale": "en-gb"
        }
    }
}
