{
  "indexes": [
    {
      "collectionGroup": "checkin",
      "queryScope": "COLLECTION",
      "fields": [
        {
          "fieldPath": "campaignRef",
          "order": "ASCENDING"
        },
        {
          "fieldPath": "createdTime",
          "order": "DESCENDING"
        }
      ]
    }
  ],
  "fieldOverrides": [
    {
      "collectionGroup": "fcm_tokens",
      "fieldPath": "fcm_token",
      "indexes": [
        {
          "order": "ASCENDING",
          "queryScope": "COLLECTION_GROUP"
        }
      ]
    }
  ]
}