{
  "project_info": {
    "project_number": "502327329595",
    "project_id": "tourism-efc89",
    "storage_bucket": "tourism-efc89.appspot.com"
  },
  "client": [
    {
      "client_info": {
        "mobilesdk_app_id": "1:502327329595:android:34042a076d8f1bae556d1e",
        "android_client_info": {
          "package_name": "com.mycompany.tourism"
        }
      },
      "oauth_client": [],
      "api_key": [
        {
          "current_key": "AIzaSyDs7hVI6nSOGMgS6krNzfqp6Gdy0cpk0oo"
        }
      ],
      "services": {
        "appinvite_service": {
          "other_platform_oauth_client": []
        }
      }
    },
    {
      "client_info": {
        "mobilesdk_app_id": "1:502327329595:android:94191ab4bb49a2ca556d1e",
        "android_client_info": {
          "package_name": "com.steeful.tourism"
        }
      },
      "oauth_client": [],
      "api_key": [
        {
          "current_key": "AIzaSyDs7hVI6nSOGMgS6krNzfqp6Gdy0cpk0oo"
        }
      ],
      "services": {
        "appinvite_service": {
          "other_platform_oauth_client": []
        }
      }
    }
  ],
  "configuration_version": "1"
}